{
  "Ansi 4 Color" : {
    "Red Component" : 0.075206920504570007,
    "Color Space" : "sRGB",
    "Blue Component" : 0.9752197265625,
    "Alpha Component" : 1,
    "Green Component" : 0.46410101652145386
  },
  "Tags" : [

  ],
  "Ansi 12 Color" : {
    "Red Component" : 0.21806642413139343,
    "Color Space" : "sRGB",
    "Blue Component" : 0.999664306640625,
    "Alpha Component" : 1,
    "Green Component" : 0.55522632598876953
  },
  "Ansi 5 Color" : {
    "Red Component" : 0.78039216995239258,
    "Color Space" : "sRGB",
    "Blue Component" : 0.91764706373214722,
    "Alpha Component" : 1,
    "Green Component" : 0.57254904508590698
  },
  "Draw Powerline Glyphs" : true,
  "Bold Color" : {
    "Red Component" : 0.93333333730697632,
    "Color Space" : "sRGB",
    "Blue Component" : 0.93333333730697632,
    "Alpha Component" : 1,
    "Green Component" : 0.93333333730697632
  },
  "Guid" : "C90AFBCF-A650-4620-8C85-10FD8C8E9270",
  "Ansi 7 Color" : {
    "Red Component" : 0.085974723100662231,
    "Color Space" : "sRGB",
    "Blue Component" : 0.63606619834899902,
    "Alpha Component" : 1,
    "Green Component" : 0.991455078125
  },
  "Ansi 8 Color" : {
    "Red Component" : 0.38642877340316772,
    "Color Space" : "sRGB",
    "Blue Component" : 0.426361083984375,
    "Alpha Component" : 1,
    "Green Component" : 0.4084809422492981
  },
  "Rows" : 25,
  "Default Bookmark" : "No",
  "Ansi 9 Color" : {
    "Red Component" : 1,
    "Color Space" : "sRGB",
    "Blue Component" : 0.69156563282012939,
    "Alpha Component" : 1,
    "Green Component" : 0.330322265625
  },
  "Blend" : 0.46464416058394159,
  "Allow Change Cursor Blink" : true,
  "Link Color" : {
    "Red Component" : 0.54852491617202759,
    "Color Space" : "sRGB",
    "Blue Component" : 0.987884521484375,
    "Alpha Component" : 1,
    "Green Component" : 0.65922969579696655
  },
  "Cursor Guide Color" : {
    "Red Component" : 0.70213186740875244,
    "Color Space" : "sRGB",
    "Blue Component" : 1,
    "Alpha Component" : 0.25,
    "Green Component" : 0.9268307089805603
  },
  "Non-ASCII Anti Aliased" : true,
  "Use Bright Bold" : true,
  "Ansi 10 Color" : {
    "Red Component" : 0.453125,
    "Color Space" : "sRGB",
    "Blue Component" : 0.8482658863067627,
    "Alpha Component" : 1,
    "Green Component" : 1
  },
  "Ambiguous Double Width" : false,
  "Jobs to Ignore" : [
    "rlogin",
    "ssh",
    "slogin",
    "telnet"
  ],
  "Ansi 15 Color" : {
    "Red Component" : 0.37535831332206726,
    "Color Space" : "sRGB",
    "Blue Component" : 0.74784088134765625,
    "Alpha Component" : 1,
    "Green Component" : 0.985595703125
  },
  "Foreground Color" : {
    "Red Component" : 0.92460542917251587,
    "Color Space" : "sRGB",
    "Blue Component" : 0.958740234375,
    "Alpha Component" : 1,
    "Green Component" : 0.86991167068481445
  },
  "Working Directory" : "",
  "Blinking Cursor" : false,
  "Disable Window Resizing" : true,
  "Sync Title" : false,
  "Prompt Before Closing 2" : false,
  "BM Growl" : true,
  "Mouse Reporting" : true,
  "Command" : "",
  "Load Shell Integration Automatically" : false,
  "Description" : "Default",
  "Screen" : -1,
  "Selection Color" : {
    "Red Component" : 0.21960784494876862,
    "Color Space" : "sRGB",
    "Blue Component" : 0.61176472902297974,
    "Alpha Component" : 1,
    "Green Component" : 1
  },
  "Only The Default BG Color Uses Transparency" : true,
  "Columns" : 80,
  "Idle Code" : 0,
  "Ansi 13 Color" : {
    "Red Component" : 0.68235296010971069,
    "Color Space" : "sRGB",
    "Blue Component" : 1,
    "Alpha Component" : 1,
    "Green Component" : 0.5058823823928833
  },
  "Custom Command" : "No",
  "ASCII Anti Aliased" : true,
  "Non Ascii Font" : "Monaco 12",
  "Vertical Spacing" : 1,
  "Use Bold Font" : true,
  "Option Key Sends" : 0,
  "Selected Text Color" : {
    "Red Component" : 0,
    "Color Space" : "sRGB",
    "Blue Component" : 0,
    "Alpha Component" : 1,
    "Green Component" : 0
  },
  "Background Color" : {
    "Red Component" : 0.0050667347386479378,
    "Color Space" : "sRGB",
    "Blue Component" : 0.09246826171875,
    "Alpha Component" : 1,
    "Green Component" : 0.046817716211080551
  },
  "Character Encoding" : 4,
  "Ansi 11 Color" : {
    "Red Component" : 0.989105224609375,
    "Color Space" : "sRGB",
    "Blue Component" : 0.6808851957321167,
    "Alpha Component" : 1,
    "Green Component" : 0.95934605598449707
  },
  "Use Italic Font" : true,
  "Unlimited Scrollback" : true,
  "Keyboard Map" : {
    "0x7f-0x80000" : {
      "Text" : "0x1b 0x7f",
      "Action" : 11
    },
    "0xf702-0x280000" : {
      "Text" : "b",
      "Action" : 10
    },
    "0xf702-0x300000" : {
      "Text" : "0x1",
      "Action" : 11
    },
    "0xf728-0x80000" : {
      "Text" : "d",
      "Action" : 10
    },
    "0x7f-0x100000" : {
      "Text" : "0x15",
      "Action" : 11
    },
    "0xf703-0x300000" : {
      "Text" : "0x5",
      "Action" : 11
    },
    "0xf728-0x0" : {
      "Text" : "0x4",
      "Action" : 11
    },
    "0xf703-0x280000" : {
      "Text" : "f",
      "Action" : 10
    }
  },
  "Window Type" : 0,
  "Background Image Location" : "",
  "Blur" : false,
  "Badge Color" : {
    "Red Component" : 1,
    "Color Space" : "sRGB",
    "Blue Component" : 0,
    "Alpha Component" : 0.5,
    "Green Component" : 0.1491314172744751
  },
  "Scrollback Lines" : 0,
  "Send Code When Idle" : false,
  "Close Sessions On End" : true,
  "Terminal Type" : "xterm-256color",
  "Visual Bell" : true,
  "Flashing Bell" : false,
  "Silence Bell" : false,
  "Ansi 14 Color" : {
    "Red Component" : 1,
    "Color Space" : "sRGB",
    "Blue Component" : 0.84414654970169067,
    "Alpha Component" : 1,
    "Green Component" : 0.4145355224609375
  },
  "Cursor Text Color" : {
    "Red Component" : 0,
    "Color Space" : "sRGB",
    "Blue Component" : 0,
    "Alpha Component" : 1,
    "Green Component" : 0
  },
  "Match Background Color" : {
    "Red Component" : 0.99697142839431763,
    "Color Space" : "P3",
    "Blue Component" : 0.32116127014160156,
    "Alpha Component" : 1,
    "Green Component" : 0.98600882291793823
  },
  "Minimum Contrast" : 0,
  "Name" : "Default",
  "Shortcut" : "",
  "Tab Color" : {
    "Red Component" : 0.0039215688593685627,
    "Color Space" : "sRGB",
    "Blue Component" : 0.15294118225574493,
    "Alpha Component" : 1,
    "Green Component" : 0.086274512112140656
  },
  "Transparency" : 0.01,
  "Cursor Color" : {
    "Red Component" : 0.2215576171875,
    "Color Space" : "sRGB",
    "Blue Component" : 0.61400961875915527,
    "Alpha Component" : 1,
    "Green Component" : 1
  },
  "Horizontal Spacing" : 1,
  "Ansi 3 Color" : {
    "Red Component" : 1,
    "Color Space" : "sRGB",
    "Blue Component" : 0.5145416259765625,
    "Alpha Component" : 1,
    "Green Component" : 0.9531281590461731
  },
  "Ansi 0 Color" : {
    "Red Component" : 0.043981939554214478,
    "Color Space" : "sRGB",
    "Blue Component" : 0.38177490234375,
    "Alpha Component" : 1,
    "Green Component" : 0.23164466023445129
  },
  "Right Option Key Sends" : 0,
  "Use Non-ASCII Font" : false,
  "Ansi 6 Color" : {
    "Red Component" : 1,
    "Color Space" : "sRGB",
    "Blue Component" : 0.83160400390625,
    "Alpha Component" : 1,
    "Green Component" : 0.3685150146484375
  },
  "Normal Font" : "MesloLGS-NF-Regular 13.5",
  "Ansi 1 Color" : {
    "Red Component" : 1,
    "Color Space" : "sRGB",
    "Blue Component" : 0.2291107177734375,
    "Alpha Component" : 1,
    "Green Component" : 0.2291107177734375
  },
  "Ansi 2 Color" : {
    "Red Component" : 0.323028564453125,
    "Color Space" : "sRGB",
    "Blue Component" : 0.81387829780578613,
    "Alpha Component" : 1,
    "Green Component" : 1
  },
  "Custom Directory" : "No"
}